Link, 0, 0-HOST1-HOST1, 0.000000, 0.000000, 0.000000, topology, 100094952, 100416828, 0
Link, 0, 0-HOST1-HOST1, 0.000000, 0.000000, 0.000000, topology, 100186365, 100207885, 1
Link, 0, 0-HOST1-HOST1, 0.000000, 0.000000, 0.000000, topology, 100186365, 100284574, 2
Link, 0, 0-HOST1-HOST1, 0.000000, 0.000000, 0.000000, topology, 100207885, 100416828, 3
Link, 0, 0-HOST1-HOST1, 0.000000, 0.000000, 0.000000, topology, 100284574, 100416828, 4
Link, 0, 0-HOST1-HOST1, 0.000000, 0.000000, 0.000000, topology, 100055671, 100429957, 5
Link, 0, 0-HOST1-HOST1, 0.000000, 0.000000, 0.000000, topology, 100186365, 100309685, 6
Link, 0, 0-HOST1-HOST1, 0.000000, 0.000000, 0.000000, topology, 100309685, 100347816, 7
Link, 0, 0-HOST1-HOST1, 0.000000, 0.000000, 0.000000, topology, 100422926, 100429957, 8
Link, 0, 0-HOST1-HOST1, 0.000000, 0.000000, 0.000000, topology, 100152889, 100416828, 9
Link, 0, 0-HOST1-HOST1, 0.000000, 0.000000, 0.000000, topology, 100041334, 100331484, 10
Link, 0, 0-HOST1-HOST1, 0.000000, 0.000000, 0.000000, topology, 100355017, 100404046, 11
Link, 0, 0-HOST1-HOST1, 0.000000, 0.000000, 0.000000, topology, 100144483, 100413314, 12
Link, 0, 0-HOST1-HOST1, 0.000000, 0.000000, 0.000000, topology, 100280711, 100355017, 13
Link, 0, 0-HOST1-HOST1, 0.000000, 0.000000, 0.000000, topology, 100030591, 100090691, 14
Link, 0, 0-HOST1-HOST1, 0.000000, 0.000000, 0.000000, topology, 100126290, 100331484, 15
Link, 0, 0-HOST1-HOST1, 0.000000, 0.000000, 0.000000, topology, 100326641, 100355017, 16
Link, 0, 0-HOST1-HOST1, 0.000000, 0.000000, 0.000000, topology, 100090691, 100126290, 17
Link, 0, 0-HOST1-HOST1, 0.000000, 0.000000, 0.000000, topology, 100200866, 100224447, 18
Link, 0, 0-HOST1-HOST1, 0.000000, 0.000000, 0.000000, topology, 100224447, 100326641, 19
Link, 0, 0-HOST1-HOST1, 0.000000, 0.000000, 0.000000, topology, 100413314, 100416828, 20
Link, 0, 0-HOST1-HOST1, 0.000000, 0.000000, 0.000000, topology, 100036570, 100090691, 21
Link, 0, 0-HOST1-HOST1, 0.000000, 0.000000, 0.000000, topology, 100090691, 100355017, 22
Link, 0, 0-HOST1-HOST1, 0.000000, 0.000000, 0.000000, topology, 100144483, 100359203, 23
Link, 0, 0-HOST1-HOST1, 0.000000, 0.000000, 0.000000, topology, 100030591, 100347816, 24
Link, 0, 0-HOST1-HOST1, 0.000000, 0.000000, 0.000000, topology, 100180261, 100347816, 25
Link, 0, 0-HOST1-HOST1, 0.000000, 0.000000, 0.000000, topology, 100186365, 100404046, 26
Link, 0, 0-HOST1-HOST1, 0.000000, 0.000000, 0.000000, topology, 100224447, 100317715, 27
Link, 0, 0-HOST1-HOST1, 0.000000, 0.000000, 0.000000, topology, 100359203, 100422926, 28
Link, 0, 0-HOST1-HOST1, 0.000000, 0.000000, 0.000000, topology, 100030591, 100273297, 29
Link, 0, 0-HOST1-HOST1, 0.000000, 0.000000, 0.000000, topology, 100180261, 100273297, 30
Link, 0, 0-HOST1-HOST1, 0.000000, 0.000000, 0.000000, topology, 100094952, 100315281, 31
Link, 0, 0-HOST1-HOST1, 0.000000, 0.000000, 0.000000, topology, 100178474, 100180261, 32
Link, 0, 0-HOST1-HOST1, 0.000000, 0.000000, 0.000000, topology, 100036570, 100347816, 33
Link, 0, 0-HOST1-HOST1, 0.000000, 0.000000, 0.000000, topology, 100207885, 100315281, 34
Link, 0, 0-HOST1-HOST1, 0.000000, 0.000000, 0.000000, topology, 100284574, 100315281, 35
Link, 0, 0-HOST1-HOST1, 0.000000, 0.000000, 0.000000, topology, 100315281, 100427449, 36
Link, 0, 0-HOST1-HOST1, 0.000000, 0.000000, 0.000000, topology, 100036570, 100273297, 37
Link, 0, 0-HOST1-HOST1, 0.000000, 0.000000, 0.000000, topology, 100186365, 100200866, 38
Link, 0, 0-HOST1-HOST1, 0.000000, 0.000000, 0.000000, topology, 100144483, 100186365, 39
Link, 0, 0-HOST1-HOST1, 0.000000, 0.000000, 0.000000, topology, 100152889, 100315281, 40
Link, 0, 0-HOST1-HOST1, 0.000000, 0.000000, 0.000000, topology, 100273297, 100331484, 41
Link, 0, 0-HOST1-HOST1, 0.000000, 0.000000, 0.000000, topology, 100331484, 100427449, 42
Link, 0, 0-HOST1-HOST1, 0.000000, 0.000000, 0.000000, topology, 100117943, 100207885, 43
Link, 0, 0-HOST1-HOST1, 0.000000, 0.000000, 0.000000, topology, 100117943, 100284574, 44
Link, 0, 0-HOST1-HOST1, 0.000000, 0.000000, 0.000000, topology, 100186365, 100354536, 45
Link, 0, 0-HOST1-HOST1, 0.000000, 0.000000, 0.000000, topology, 100117943, 100309685, 46
Link, 0, 0-HOST1-HOST1, 0.000000, 0.000000, 0.000000, topology, 100185883, 100331484, 47
Link, 0, 0-HOST1-HOST1, 0.000000, 0.000000, 0.000000, topology, 100238799, 100280711, 48
Link, 0, 0-HOST1-HOST1, 0.000000, 0.000000, 0.000000, topology, 100292843, 100416828, 49
Link, 0, 0-HOST1-HOST1, 0.000000, 0.000000, 0.000000, topology, 100324694, 100416828, 50
Link, 0, 0-HOST1-HOST1, 0.000000, 0.000000, 0.000000, topology, 100090691, 100152889, 51
Link, 0, 0-HOST1-HOST1, 0.000000, 0.000000, 0.000000, topology, 100117943, 100185883, 52
Link, 0, 0-HOST1-HOST1, 0.000000, 0.000000, 0.000000, topology, 100315281, 100379397, 53
Link, 0, 0-HOST1-HOST1, 0.000000, 0.000000, 0.000000, topology, 100178474, 100416828, 54
Link, 0, 0-HOST1-HOST1, 0.000000, 0.000000, 0.000000, topology, 100317715, 100429957, 55
Link, 0, 0-HOST1-HOST1, 0.000000, 0.000000, 0.000000, topology, 100309685, 100427449, 56
Link, 0, 0-HOST1-HOST1, 0.000000, 0.000000, 0.000000, topology, 100331484, 100379397, 57
Link, 0, 0-HOST1-HOST1, 0.000000, 0.000000, 0.000000, topology, 100094952, 100429957, 58
Link, 0, 0-HOST1-HOST1, 0.000000, 0.000000, 0.000000, topology, 100207885, 100429957, 59
Link, 0, 0-HOST1-HOST1, 0.000000, 0.000000, 0.000000, topology, 100238799, 100292843, 60
Link, 0, 0-HOST1-HOST1, 0.000000, 0.000000, 0.000000, topology, 100238799, 100324694, 61
Link, 0, 0-HOST1-HOST1, 0.000000, 0.000000, 0.000000, topology, 100284574, 100429957, 62
Link, 0, 0-HOST1-HOST1, 0.000000, 0.000000, 0.000000, topology, 100152889, 100429957, 63
Link, 0, 0-HOST1-HOST1, 0.000000, 0.000000, 0.000000, topology, 100309685, 100379397, 64
Link, 0, 0-HOST1-HOST1, 0.000000, 0.000000, 0.000000, topology, 100359203, 100413314, 65
Link, 0, 0-HOST1-HOST1, 0.000000, 0.000000, 0.000000, topology, 100041334, 100055671, 66
Link, 0, 0-HOST1-HOST1, 0.000000, 0.000000, 0.000000, topology, 100055671, 100280711, 67
Link, 0, 0-HOST1-HOST1, 0.000000, 0.000000, 0.000000, topology, 100090691, 100180261, 68
Link, 0, 0-HOST1-HOST1, 0.000000, 0.000000, 0.000000, topology, 100117943, 100404046, 69
Link, 0, 0-HOST1-HOST1, 0.000000, 0.000000, 0.000000, topology, 100224447, 100355017, 70
Link, 0, 0-HOST1-HOST1, 0.000000, 0.000000, 0.000000, topology, 100355017, 100422926, 71
Link, 0, 0-HOST1-HOST1, 0.000000, 0.000000, 0.000000, topology, 100117943, 100200866, 72
Link, 0, 0-HOST1-HOST1, 0.000000, 0.000000, 0.000000, topology, 100144483, 100224447, 73
Link, 0, 0-HOST1-HOST1, 0.000000, 0.000000, 0.000000, topology, 100030591, 100427449, 74
Link, 0, 0-HOST1-HOST1, 0.000000, 0.000000, 0.000000, topology, 100180261, 100427449, 75
Link, 0, 0-HOST1-HOST1, 0.000000, 0.000000, 0.000000, topology, 100280711, 100416828, 76
Link, 0, 0-HOST1-HOST1, 0.000000, 0.000000, 0.000000, topology, 100292843, 100315281, 77
Link, 0, 0-HOST1-HOST1, 0.000000, 0.000000, 0.000000, topology, 100036570, 100427449, 78
Link, 0, 0-HOST1-HOST1, 0.000000, 0.000000, 0.000000, topology, 100117943, 100354536, 79
Link, 0, 0-HOST1-HOST1, 0.000000, 0.000000, 0.000000, topology, 100178474, 100315281, 80
Link, 0, 0-HOST1-HOST1, 0.000000, 0.000000, 0.000000, topology, 100200866, 100347816, 81
Link, 0, 0-HOST1-HOST1, 0.000000, 0.000000, 0.000000, topology, 100326641, 100416828, 82
Link, 0, 0-HOST1-HOST1, 0.000000, 0.000000, 0.000000, topology, 100055671, 100292843, 83
Link, 0, 0-HOST1-HOST1, 0.000000, 0.000000, 0.000000, topology, 100055671, 100324694, 84
Link, 0, 0-HOST1-HOST1, 0.000000, 0.000000, 0.000000, topology, 100200866, 100273297, 85
Link, 0, 0-HOST1-HOST1, 0.000000, 0.000000, 0.000000, topology, 100413314, 100429957, 86
Link, 0, 0-HOST1-HOST1, 0.000000, 0.000000, 0.000000, topology, 100066658, 100326641, 87
Link, 0, 0-HOST1-HOST1, 0.000000, 0.000000, 0.000000, topology, 100090691, 100416828, 88
Link, 0, 0-HOST1-HOST1, 0.000000, 0.000000, 0.000000, topology, 100186365, 100422926, 89
Link, 0, 0-HOST1-HOST1, 0.000000, 0.000000, 0.000000, topology, 100066658, 100317715, 90
Link, 0, 0-HOST1-HOST1, 0.000000, 0.000000, 0.000000, topology, 100030591, 100238799, 91
Link, 0, 0-HOST1-HOST1, 0.000000, 0.000000, 0.000000, topology, 100030591, 100379397, 92
Link, 0, 0-HOST1-HOST1, 0.000000, 0.000000, 0.000000, topology, 100180261, 100238799, 93
Link, 0, 0-HOST1-HOST1, 0.000000, 0.000000, 0.000000, topology, 100180261, 100379397, 94
Link, 0, 0-HOST1-HOST1, 0.000000, 0.000000, 0.000000, topology, 100036570, 100238799, 95
Link, 0, 0-HOST1-HOST1, 0.000000, 0.000000, 0.000000, topology, 100036570, 100379397, 96
Link, 0, 0-HOST1-HOST1, 0.000000, 0.000000, 0.000000, topology, 100066658, 100178474, 97
Link, 0, 0-HOST1-HOST1, 0.000000, 0.000000, 0.000000, topology, 100292843, 100429957, 98
Link, 0, 0-HOST1-HOST1, 0.000000, 0.000000, 0.000000, topology, 100324694, 100429957, 99
Link, 0, 0-HOST1-HOST1, 0.000000, 0.000000, 0.000000, topology, 100178474, 100429957, 100
Link, 0, 0-HOST1-HOST1, 0.000000, 0.000000, 0.000000, topology, 100238799, 100284574, 101
Link, 0, 0-HOST1-HOST1, 0.000000, 0.000000, 0.000000, topology, 100041334, 100326641, 102
Link, 0, 0-HOST1-HOST1, 0.000000, 0.000000, 0.000000, topology, 100238799, 100309685, 103
Link, 0, 0-HOST1-HOST1, 0.000000, 0.000000, 0.000000, topology, 100355017, 100413314, 104
Link, 0, 0-HOST1-HOST1, 0.000000, 0.000000, 0.000000, topology, 100030591, 100036570, 105
Link, 0, 0-HOST1-HOST1, 0.000000, 0.000000, 0.000000, topology, 100041334, 100317715, 106
Link, 0, 0-HOST1-HOST1, 0.000000, 0.000000, 0.000000, topology, 100280711, 100315281, 107
Link, 0, 0-HOST1-HOST1, 0.000000, 0.000000, 0.000000, topology, 100126290, 100326641, 108
Link, 0, 0-HOST1-HOST1, 0.000000, 0.000000, 0.000000, topology, 100315281, 100331484, 109
Link, 0, 0-HOST1-HOST1, 0.000000, 0.000000, 0.000000, topology, 100355017, 100359203, 110
Link, 0, 0-HOST1-HOST1, 0.000000, 0.000000, 0.000000, topology, 100404046, 100422926, 111
Link, 0, 0-HOST1-HOST1, 0.000000, 0.000000, 0.000000, topology, 100126290, 100317715, 112
Link, 0, 0-HOST1-HOST1, 0.000000, 0.000000, 0.000000, topology, 100090691, 100315281, 113
Link, 0, 0-HOST1-HOST1, 0.000000, 0.000000, 0.000000, topology, 100186365, 100413314, 114
Link, 0, 0-HOST1-HOST1, 0.000000, 0.000000, 0.000000, topology, 100041334, 100178474, 115
Link, 0, 0-HOST1-HOST1, 0.000000, 0.000000, 0.000000, topology, 100030591, 100094952, 116
Link, 0, 0-HOST1-HOST1, 0.000000, 0.000000, 0.000000, topology, 100347816, 100404046, 117
Link, 0, 0-HOST1-HOST1, 0.000000, 0.000000, 0.000000, topology, 100094952, 100280711, 118
Link, 0, 0-HOST1-HOST1, 0.000000, 0.000000, 0.000000, topology, 100055671, 100117943, 119
Link, 0, 0-HOST1-HOST1, 0.000000, 0.000000, 0.000000, topology, 100207885, 100280711, 120
Link, 0, 0-HOST1-HOST1, 0.000000, 0.000000, 0.000000, topology, 100036570, 100094952, 121
Link, 0, 0-HOST1-HOST1, 0.000000, 0.000000, 0.000000, topology, 100117943, 100422926, 122
Link, 0, 0-HOST1-HOST1, 0.000000, 0.000000, 0.000000, topology, 100066658, 100126290, 123
Link, 0, 0-HOST1-HOST1, 0.000000, 0.000000, 0.000000, topology, 100126290, 100178474, 124
Link, 0, 0-HOST1-HOST1, 0.000000, 0.000000, 0.000000, topology, 100186365, 100359203, 125
Link, 0, 0-HOST1-HOST1, 0.000000, 0.000000, 0.000000, topology, 100066658, 100355017, 126
Link, 0, 0-HOST1-HOST1, 0.000000, 0.000000, 0.000000, topology, 100152889, 100280711, 127
Link, 0, 0-HOST1-HOST1, 0.000000, 0.000000, 0.000000, topology, 100200866, 100427449, 128
Link, 0, 0-HOST1-HOST1, 0.000000, 0.000000, 0.000000, topology, 100224447, 100416828, 129
Link, 0, 0-HOST1-HOST1, 0.000000, 0.000000, 0.000000, topology, 100273297, 100326641, 130
Link, 0, 0-HOST1-HOST1, 0.000000, 0.000000, 0.000000, topology, 100317715, 100324694, 131
Link, 0, 0-HOST1-HOST1, 0.000000, 0.000000, 0.000000, topology, 100144483, 100347816, 132
Link, 0, 0-HOST1-HOST1, 0.000000, 0.000000, 0.000000, topology, 100055671, 100207885, 133
Link, 0, 0-HOST1-HOST1, 0.000000, 0.000000, 0.000000, topology, 100055671, 100284574, 134
Link, 0, 0-HOST1-HOST1, 0.000000, 0.000000, 0.000000, topology, 100144483, 100273297, 135
Link, 0, 0-HOST1-HOST1, 0.000000, 0.000000, 0.000000, topology, 100273297, 100317715, 136
Link, 0, 0-HOST1-HOST1, 0.000000, 0.000000, 0.000000, topology, 100309685, 100331484, 137
Link, 0, 0-HOST1-HOST1, 0.000000, 0.000000, 0.000000, topology, 100055671, 100309685, 138
Link, 0, 0-HOST1-HOST1, 0.000000, 0.000000, 0.000000, topology, 100185883, 100326641, 139
Link, 0, 0-HOST1-HOST1, 0.000000, 0.000000, 0.000000, topology, 100280711, 100429957, 140
Link, 0, 0-HOST1-HOST1, 0.000000, 0.000000, 0.000000, topology, 100347816, 100354536, 141
Link, 0, 0-HOST1-HOST1, 0.000000, 0.000000, 0.000000, topology, 100238799, 100404046, 142
Link, 0, 0-HOST1-HOST1, 0.000000, 0.000000, 0.000000, topology, 100379397, 100404046, 143
Link, 0, 0-HOST1-HOST1, 0.000000, 0.000000, 0.000000, topology, 100055671, 100185883, 144
Link, 0, 0-HOST1-HOST1, 0.000000, 0.000000, 0.000000, topology, 100094952, 100292843, 145
Link, 0, 0-HOST1-HOST1, 0.000000, 0.000000, 0.000000, topology, 100094952, 100324694, 146
Link, 0, 0-HOST1-HOST1, 0.000000, 0.000000, 0.000000, topology, 100185883, 100317715, 147
Link, 0, 0-HOST1-HOST1, 0.000000, 0.000000, 0.000000, topology, 100207885, 100292843, 148
Link, 0, 0-HOST1-HOST1, 0.000000, 0.000000, 0.000000, topology, 100207885, 100324694, 149
Link, 0, 0-HOST1-HOST1, 0.000000, 0.000000, 0.000000, topology, 100284574, 100292843, 150
Link, 0, 0-HOST1-HOST1, 0.000000, 0.000000, 0.000000, topology, 100284574, 100324694, 151
Link, 0, 0-HOST1-HOST1, 0.000000, 0.000000, 0.000000, topology, 100326641, 100429957, 152
Link, 0, 0-HOST1-HOST1, 0.000000, 0.000000, 0.000000, topology, 100200866, 100238799, 153
Link, 0, 0-HOST1-HOST1, 0.000000, 0.000000, 0.000000, topology, 100200866, 100379397, 154
Link, 0, 0-HOST1-HOST1, 0.000000, 0.000000, 0.000000, topology, 100090691, 100429957, 155
Link, 0, 0-HOST1-HOST1, 0.000000, 0.000000, 0.000000, topology, 100152889, 100292843, 156
Link, 0, 0-HOST1-HOST1, 0.000000, 0.000000, 0.000000, topology, 100152889, 100324694, 157
Link, 0, 0-HOST1-HOST1, 0.000000, 0.000000, 0.000000, topology, 100066658, 100152889, 158
Link, 0, 0-HOST1-HOST1, 0.000000, 0.000000, 0.000000, topology, 100238799, 100354536, 159
Link, 0, 0-HOST1-HOST1, 0.000000, 0.000000, 0.000000, topology, 100404046, 100413314, 160
Link, 0, 0-HOST1-HOST1, 0.000000, 0.000000, 0.000000, topology, 100041334, 100126290, 161
Link, 0, 0-HOST1-HOST1, 0.000000, 0.000000, 0.000000, topology, 100041334, 100355017, 162
Link, 0, 0-HOST1-HOST1, 0.000000, 0.000000, 0.000000, topology, 100030591, 100331484, 163
Link, 0, 0-HOST1-HOST1, 0.000000, 0.000000, 0.000000, topology, 100117943, 100413314, 164
Link, 0, 0-HOST1-HOST1, 0.000000, 0.000000, 0.000000, topology, 100126290, 100355017, 165
Link, 0, 0-HOST1-HOST1, 0.000000, 0.000000, 0.000000, topology, 100180261, 100331484, 166
Link, 0, 0-HOST1-HOST1, 0.000000, 0.000000, 0.000000, topology, 100055671, 100404046, 167
Link, 0, 0-HOST1-HOST1, 0.000000, 0.000000, 0.000000, topology, 100224447, 100315281, 168
Link, 0, 0-HOST1-HOST1, 0.000000, 0.000000, 0.000000, topology, 100036570, 100331484, 169
Link, 0, 0-HOST1-HOST1, 0.000000, 0.000000, 0.000000, topology, 100055671, 100200866, 170
Link, 0, 0-HOST1-HOST1, 0.000000, 0.000000, 0.000000, topology, 100117943, 100359203, 171
Link, 0, 0-HOST1-HOST1, 0.000000, 0.000000, 0.000000, topology, 100354536, 100355017, 172
Link, 0, 0-HOST1-HOST1, 0.000000, 0.000000, 0.000000, topology, 100041334, 100152889, 173
Link, 0, 0-HOST1-HOST1, 0.000000, 0.000000, 0.000000, topology, 100066658, 100180261, 174
Link, 0, 0-HOST1-HOST1, 0.000000, 0.000000, 0.000000, topology, 100055671, 100354536, 175
Link, 0, 0-HOST1-HOST1, 0.000000, 0.000000, 0.000000, topology, 100178474, 100280711, 176
Link, 0, 0-HOST1-HOST1, 0.000000, 0.000000, 0.000000, topology, 100273297, 100355017, 177
Link, 0, 0-HOST1-HOST1, 0.000000, 0.000000, 0.000000, topology, 100186365, 100224447, 178
Link, 0, 0-HOST1-HOST1, 0.000000, 0.000000, 0.000000, topology, 100126290, 100152889, 179
Link, 0, 0-HOST1-HOST1, 0.000000, 0.000000, 0.000000, topology, 100094952, 100117943, 180
Link, 0, 0-HOST1-HOST1, 0.000000, 0.000000, 0.000000, topology, 100117943, 100186365, 181
Link, 0, 0-HOST1-HOST1, 0.000000, 0.000000, 0.000000, topology, 100144483, 100427449, 182
Link, 0, 0-HOST1-HOST1, 0.000000, 0.000000, 0.000000, topology, 100185883, 100355017, 183
Link, 0, 0-HOST1-HOST1, 0.000000, 0.000000, 0.000000, topology, 100347816, 100422926, 184
Link, 0, 0-HOST1-HOST1, 0.000000, 0.000000, 0.000000, topology, 100292843, 100324694, 185
Link, 0, 0-HOST1-HOST1, 0.000000, 0.000000, 0.000000, topology, 100094952, 100207885, 186
Link, 0, 0-HOST1-HOST1, 0.000000, 0.000000, 0.000000, topology, 100094952, 100284574, 187
Link, 0, 0-HOST1-HOST1, 0.000000, 0.000000, 0.000000, topology, 100178474, 100292843, 188
Link, 0, 0-HOST1-HOST1, 0.000000, 0.000000, 0.000000, topology, 100178474, 100324694, 189
Link, 0, 0-HOST1-HOST1, 0.000000, 0.000000, 0.000000, topology, 100224447, 100429957, 190
Link, 0, 0-HOST1-HOST1, 0.000000, 0.000000, 0.000000, topology, 100066658, 100416828, 191
Link, 0, 0-HOST1-HOST1, 0.000000, 0.000000, 0.000000, topology, 100094952, 100309685, 192
Link, 0, 0-HOST1-HOST1, 0.000000, 0.000000, 0.000000, topology, 100207885, 100284574, 193
Link, 0, 0-HOST1-HOST1, 0.000000, 0.000000, 0.000000, topology, 100207885, 100309685, 194
Link, 0, 0-HOST1-HOST1, 0.000000, 0.000000, 0.000000, topology, 100284574, 100309685, 195
Link, 0, 0-HOST1-HOST1, 0.000000, 0.000000, 0.000000, topology, 100094952, 100185883, 196
Link, 0, 0-HOST1-HOST1, 0.000000, 0.000000, 0.000000, topology, 100144483, 100238799, 197
Link, 0, 0-HOST1-HOST1, 0.000000, 0.000000, 0.000000, topology, 100144483, 100379397, 198
Link, 0, 0-HOST1-HOST1, 0.000000, 0.000000, 0.000000, topology, 100152889, 100207885, 199
Link, 0, 0-HOST1-HOST1, 0.000000, 0.000000, 0.000000, topology, 100152889, 100284574, 200
Link, 0, 0-HOST1-HOST1, 0.000000, 0.000000, 0.000000, topology, 100238799, 100422926, 201
Link, 0, 0-HOST1-HOST1, 0.000000, 0.000000, 0.000000, topology, 100379397, 100422926, 202
Link, 0, 0-HOST1-HOST1, 0.000000, 0.000000, 0.000000, topology, 100152889, 100309685, 203
Link, 0, 0-HOST1-HOST1, 0.000000, 0.000000, 0.000000, topology, 100041334, 100180261, 204
Link, 0, 0-HOST1-HOST1, 0.000000, 0.000000, 0.000000, topology, 100152889, 100185883, 205
Link, 0, 0-HOST1-HOST1, 0.000000, 0.000000, 0.000000, topology, 100126290, 100180261, 206
Link, 0, 0-HOST1-HOST1, 0.000000, 0.000000, 0.000000, topology, 100030591, 100055671, 207
Link, 0, 0-HOST1-HOST1, 0.000000, 0.000000, 0.000000, topology, 100315281, 100326641, 208
Link, 0, 0-HOST1-HOST1, 0.000000, 0.000000, 0.000000, topology, 100317715, 100404046, 209
Link, 0, 0-HOST1-HOST1, 0.000000, 0.000000, 0.000000, topology, 100090691, 100280711, 210
Link, 0, 0-HOST1-HOST1, 0.000000, 0.000000, 0.000000, topology, 100041334, 100416828, 211
Link, 0, 0-HOST1-HOST1, 0.000000, 0.000000, 0.000000, topology, 100315281, 100317715, 212
Link, 0, 0-HOST1-HOST1, 0.000000, 0.000000, 0.000000, topology, 100036570, 100055671, 213
Link, 0, 0-HOST1-HOST1, 0.000000, 0.000000, 0.000000, topology, 100200866, 100331484, 214
Link, 0, 0-HOST1-HOST1, 0.000000, 0.000000, 0.000000, topology, 100347816, 100413314, 215
Link, 0, 0-HOST1-HOST1, 0.000000, 0.000000, 0.000000, topology, 100094952, 100404046, 216
Link, 0, 0-HOST1-HOST1, 0.000000, 0.000000, 0.000000, topology, 100280711, 100292843, 217
Link, 0, 0-HOST1-HOST1, 0.000000, 0.000000, 0.000000, topology, 100280711, 100324694, 218
Link, 0, 0-HOST1-HOST1, 0.000000, 0.000000, 0.000000, topology, 100117943, 100224447, 219
Link, 0, 0-HOST1-HOST1, 0.000000, 0.000000, 0.000000, topology, 100207885, 100404046, 220
Link, 0, 0-HOST1-HOST1, 0.000000, 0.000000, 0.000000, topology, 100284574, 100404046, 221
Link, 0, 0-HOST1-HOST1, 0.000000, 0.000000, 0.000000, topology, 100055671, 100422926, 222
Link, 0, 0-HOST1-HOST1, 0.000000, 0.000000, 0.000000, topology, 100117943, 100144483, 223
Link, 0, 0-HOST1-HOST1, 0.000000, 0.000000, 0.000000, topology, 100126290, 100416828, 224
Link, 0, 0-HOST1-HOST1, 0.000000, 0.000000, 0.000000, topology, 100317715, 100354536, 225
Link, 0, 0-HOST1-HOST1, 0.000000, 0.000000, 0.000000, topology, 100066658, 100315281, 226
Link, 0, 0-HOST1-HOST1, 0.000000, 0.000000, 0.000000, topology, 100094952, 100200866, 227
Link, 0, 0-HOST1-HOST1, 0.000000, 0.000000, 0.000000, topology, 100152889, 100404046, 228
Link, 0, 0-HOST1-HOST1, 0.000000, 0.000000, 0.000000, topology, 100347816, 100359203, 229
Link, 0, 0-HOST1-HOST1, 0.000000, 0.000000, 0.000000, topology, 100359203, 100427449, 230
Link, 0, 0-HOST1-HOST1, 0.000000, 0.000000, 0.000000, topology, 100090691, 100324694, 231
Link, 0, 0-HOST1-HOST1, 0.000000, 0.000000, 0.000000, topology, 100090691, 100292843, 232
Link, 0, 0-HOST1-HOST1, 0.000000, 0.000000, 0.000000, topology, 100309685, 100326641, 233
Link, 0, 0-HOST1-HOST1, 0.000000, 0.000000, 0.000000, topology, 100238799, 100413314, 234
Link, 0, 0-HOST1-HOST1, 0.000000, 0.000000, 0.000000, topology, 100379397, 100413314, 235
Link, 0, 0-HOST1-HOST1, 0.000000, 0.000000, 0.000000, topology, 100094952, 100354536, 236
Link, 0, 0-HOST1-HOST1, 0.000000, 0.000000, 0.000000, topology, 100152889, 100200866, 237
Link, 0, 0-HOST1-HOST1, 0.000000, 0.000000, 0.000000, topology, 100309685, 100317715, 238
Link, 0, 0-HOST1-HOST1, 0.000000, 0.000000, 0.000000, topology, 100354536, 100416828, 239
Link, 0, 0-HOST1-HOST1, 0.000000, 0.000000, 0.000000, topology, 100207885, 100354536, 240
Link, 0, 0-HOST1-HOST1, 0.000000, 0.000000, 0.000000, topology, 100284574, 100354536, 241
Link, 0, 0-HOST1-HOST1, 0.000000, 0.000000, 0.000000, topology, 100186365, 100347816, 242
Link, 0, 0-HOST1-HOST1, 0.000000, 0.000000, 0.000000, topology, 100152889, 100354536, 243
Link, 0, 0-HOST1-HOST1, 0.000000, 0.000000, 0.000000, topology, 100186365, 100273297, 244
Link, 0, 0-HOST1-HOST1, 0.000000, 0.000000, 0.000000, topology, 100273297, 100416828, 245
Link, 0, 0-HOST1-HOST1, 0.000000, 0.000000, 0.000000, topology, 100292843, 100309685, 246
Link, 0, 0-HOST1-HOST1, 0.000000, 0.000000, 0.000000, topology, 100238799, 100359203, 247
Link, 0, 0-HOST1-HOST1, 0.000000, 0.000000, 0.000000, topology, 100359203, 100379397, 248
Link, 0, 0-HOST1-HOST1, 0.000000, 0.000000, 0.000000, topology, 100178474, 100207885, 249
Link, 0, 0-HOST1-HOST1, 0.000000, 0.000000, 0.000000, topology, 100178474, 100284574, 250
Link, 0, 0-HOST1-HOST1, 0.000000, 0.000000, 0.000000, topology, 100178474, 100309685, 251
Link, 0, 0-HOST1-HOST1, 0.000000, 0.000000, 0.000000, topology, 100185883, 100416828, 252
Link, 0, 0-HOST1-HOST1, 0.000000, 0.000000, 0.000000, topology, 100178474, 100185883, 253
Link, 0, 0-HOST1-HOST1, 0.000000, 0.000000, 0.000000, topology, 100066658, 100429957, 254
Link, 0, 0-HOST1-HOST1, 0.000000, 0.000000, 0.000000, topology, 100041334, 100315281, 255
Link, 0, 0-HOST1-HOST1, 0.000000, 0.000000, 0.000000, topology, 100055671, 100413314, 256
Link, 0, 0-HOST1-HOST1, 0.000000, 0.000000, 0.000000, topology, 100030591, 100326641, 257
Link, 0, 0-HOST1-HOST1, 0.000000, 0.000000, 0.000000, topology, 100126290, 100315281, 258
Link, 0, 0-HOST1-HOST1, 0.000000, 0.000000, 0.000000, topology, 100180261, 100326641, 259
Link, 0, 0-HOST1-HOST1, 0.000000, 0.000000, 0.000000, topology, 100315281, 100355017, 260
Link, 0, 0-HOST1-HOST1, 0.000000, 0.000000, 0.000000, topology, 100030591, 100317715, 261
Link, 0, 0-HOST1-HOST1, 0.000000, 0.000000, 0.000000, topology, 100180261, 100317715, 262
Link, 0, 0-HOST1-HOST1, 0.000000, 0.000000, 0.000000, topology, 100224447, 100280711, 263
Link, 0, 0-HOST1-HOST1, 0.000000, 0.000000, 0.000000, topology, 100036570, 100326641, 264
Link, 0, 0-HOST1-HOST1, 0.000000, 0.000000, 0.000000, topology, 100331484, 100355017, 265
Link, 0, 0-HOST1-HOST1, 0.000000, 0.000000, 0.000000, topology, 100036570, 100317715, 266
Link, 0, 0-HOST1-HOST1, 0.000000, 0.000000, 0.000000, topology, 100055671, 100359203, 267
Link, 0, 0-HOST1-HOST1, 0.000000, 0.000000, 0.000000, topology, 100041334, 100066658, 268
Link, 0, 0-HOST1-HOST1, 0.000000, 0.000000, 0.000000, topology, 100292843, 100404046, 269
Link, 0, 0-HOST1-HOST1, 0.000000, 0.000000, 0.000000, topology, 100324694, 100404046, 270
Link, 0, 0-HOST1-HOST1, 0.000000, 0.000000, 0.000000, topology, 100144483, 100331484, 271
Link, 0, 0-HOST1-HOST1, 0.000000, 0.000000, 0.000000, topology, 100030591, 100178474, 272
Link, 0, 0-HOST1-HOST1, 0.000000, 0.000000, 0.000000, topology, 100178474, 100404046, 273
Link, 0, 0-HOST1-HOST1, 0.000000, 0.000000, 0.000000, topology, 100280711, 100284574, 274
Link, 0, 0-HOST1-HOST1, 0.000000, 0.000000, 0.000000, topology, 100317715, 100422926, 275
Link, 0, 0-HOST1-HOST1, 0.000000, 0.000000, 0.000000, topology, 100090691, 100117943, 276
Link, 0, 0-HOST1-HOST1, 0.000000, 0.000000, 0.000000, topology, 100273297, 100315281, 277
Link, 0, 0-HOST1-HOST1, 0.000000, 0.000000, 0.000000, topology, 100280711, 100309685, 278
Link, 0, 0-HOST1-HOST1, 0.000000, 0.000000, 0.000000, topology, 100041334, 100429957, 279
Link, 0, 0-HOST1-HOST1, 0.000000, 0.000000, 0.000000, topology, 100224447, 100292843, 280
Link, 0, 0-HOST1-HOST1, 0.000000, 0.000000, 0.000000, topology, 100224447, 100324694, 281
Link, 0, 0-HOST1-HOST1, 0.000000, 0.000000, 0.000000, topology, 100355017, 100427449, 282
Link, 0, 0-HOST1-HOST1, 0.000000, 0.000000, 0.000000, topology, 100036570, 100178474, 283
Link, 0, 0-HOST1-HOST1, 0.000000, 0.000000, 0.000000, topology, 100309685, 100355017, 284
Link, 0, 0-HOST1-HOST1, 0.000000, 0.000000, 0.000000, topology, 100055671, 100186365, 285
Link, 0, 0-HOST1-HOST1, 0.000000, 0.000000, 0.000000, topology, 100178474, 100200866, 286
Link, 0, 0-HOST1-HOST1, 0.000000, 0.000000, 0.000000, topology, 100185883, 100315281, 287
Link, 0, 0-HOST1-HOST1, 0.000000, 0.000000, 0.000000, topology, 100094952, 100422926, 288
Link, 0, 0-HOST1-HOST1, 0.000000, 0.000000, 0.000000, topology, 100117943, 100347816, 289
Link, 0, 0-HOST1-HOST1, 0.000000, 0.000000, 0.000000, topology, 100292843, 100354536, 290
Link, 0, 0-HOST1-HOST1, 0.000000, 0.000000, 0.000000, topology, 100324694, 100354536, 291
Link, 0, 0-HOST1-HOST1, 0.000000, 0.000000, 0.000000, topology, 100090691, 100284574, 292
Link, 0, 0-HOST1-HOST1, 0.000000, 0.000000, 0.000000, topology, 100090691, 100207885, 293
Link, 0, 0-HOST1-HOST1, 0.000000, 0.000000, 0.000000, topology, 100117943, 100273297, 294
Link, 0, 0-HOST1-HOST1, 0.000000, 0.000000, 0.000000, topology, 100207885, 100422926, 295
Link, 0, 0-HOST1-HOST1, 0.000000, 0.000000, 0.000000, topology, 100284574, 100422926, 296
Link, 0, 0-HOST1-HOST1, 0.000000, 0.000000, 0.000000, topology, 100090691, 100309685, 297
Link, 0, 0-HOST1-HOST1, 0.000000, 0.000000, 0.000000, topology, 100126290, 100429957, 298
Link, 0, 0-HOST1-HOST1, 0.000000, 0.000000, 0.000000, topology, 100178474, 100354536, 299
Link, 0, 0-HOST1-HOST1, 0.000000, 0.000000, 0.000000, topology, 100090691, 100185883, 300
Link, 0, 0-HOST1-HOST1, 0.000000, 0.000000, 0.000000, topology, 100152889, 100422926, 301
Link, 0, 0-HOST1-HOST1, 0.000000, 0.000000, 0.000000, topology, 100186365, 100427449, 302
Link, 0, 0-HOST1-HOST1, 0.000000, 0.000000, 0.000000, topology, 100355017, 100379397, 303
Link, 0, 0-HOST1-HOST1, 0.000000, 0.000000, 0.000000, topology, 100354536, 100429957, 304
Link, 0, 0-HOST1-HOST1, 0.000000, 0.000000, 0.000000, topology, 100416828, 100429957, 305
Link, 0, 0-HOST1-HOST1, 0.000000, 0.000000, 0.000000, topology, 100273297, 100429957, 306
Link, 0, 0-HOST1-HOST1, 0.000000, 0.000000, 0.000000, topology, 100186365, 100238799, 307
Link, 0, 0-HOST1-HOST1, 0.000000, 0.000000, 0.000000, topology, 100186365, 100379397, 308
Link, 0, 0-HOST1-HOST1, 0.000000, 0.000000, 0.000000, topology, 100185883, 100429957, 309
Link, 0, 0-HOST1-HOST1, 0.000000, 0.000000, 0.000000, topology, 100280711, 100404046, 310
Link, 0, 0-HOST1-HOST1, 0.000000, 0.000000, 0.000000, topology, 100030591, 100126290, 311
Link, 0, 0-HOST1-HOST1, 0.000000, 0.000000, 0.000000, topology, 100030591, 100355017, 312
Link, 0, 0-HOST1-HOST1, 0.000000, 0.000000, 0.000000, topology, 100180261, 100355017, 313
Link, 0, 0-HOST1-HOST1, 0.000000, 0.000000, 0.000000, topology, 100317715, 100413314, 314
Link, 0, 0-HOST1-HOST1, 0.000000, 0.000000, 0.000000, topology, 100326641, 100404046, 315
Link, 0, 0-HOST1-HOST1, 0.000000, 0.000000, 0.000000, topology, 100036570, 100126290, 316
Link, 0, 0-HOST1-HOST1, 0.000000, 0.000000, 0.000000, topology, 100413314, 100422926, 317
Link, 0, 0-HOST1-HOST1, 0.000000, 0.000000, 0.000000, topology, 100036570, 100355017, 318
Link, 0, 0-HOST1-HOST1, 0.000000, 0.000000, 0.000000, topology, 100090691, 100404046, 319
Link, 0, 0-HOST1-HOST1, 0.000000, 0.000000, 0.000000, topology, 100200866, 100326641, 320
Link, 0, 0-HOST1-HOST1, 0.000000, 0.000000, 0.000000, topology, 100094952, 100413314, 321
Link, 0, 0-HOST1-HOST1, 0.000000, 0.000000, 0.000000, topology, 100280711, 100354536, 322
Link, 0, 0-HOST1-HOST1, 0.000000, 0.000000, 0.000000, topology, 100200866, 100317715, 323
Link, 0, 0-HOST1-HOST1, 0.000000, 0.000000, 0.000000, topology, 100207885, 100413314, 324
Link, 0, 0-HOST1-HOST1, 0.000000, 0.000000, 0.000000, topology, 100284574, 100413314, 325
Link, 0, 0-HOST1-HOST1, 0.000000, 0.000000, 0.000000, topology, 100317715, 100359203, 326
Link, 0, 0-HOST1-HOST1, 0.000000, 0.000000, 0.000000, topology, 100090691, 100200866, 327
Link, 0, 0-HOST1-HOST1, 0.000000, 0.000000, 0.000000, topology, 100055671, 100224447, 328
Link, 0, 0-HOST1-HOST1, 0.000000, 0.000000, 0.000000, topology, 100055671, 100144483, 329
Link, 0, 0-HOST1-HOST1, 0.000000, 0.000000, 0.000000, topology, 100326641, 100354536, 330
Link, 0, 0-HOST1-HOST1, 0.000000, 0.000000, 0.000000, topology, 100404046, 100427449, 331
Link, 0, 0-HOST1-HOST1, 0.000000, 0.000000, 0.000000, topology, 100152889, 100413314, 332
Link, 0, 0-HOST1-HOST1, 0.000000, 0.000000, 0.000000, topology, 100315281, 100416828, 333
Link, 0, 0-HOST1-HOST1, 0.000000, 0.000000, 0.000000, topology, 100066658, 100280711, 334
Link, 0, 0-HOST1-HOST1, 0.000000, 0.000000, 0.000000, topology, 100090691, 100354536, 335
Link, 0, 0-HOST1-HOST1, 0.000000, 0.000000, 0.000000, topology, 100030591, 100152889, 336
Link, 0, 0-HOST1-HOST1, 0.000000, 0.000000, 0.000000, topology, 100094952, 100359203, 337
Link, 0, 0-HOST1-HOST1, 0.000000, 0.000000, 0.000000, topology, 100207885, 100359203, 338
Link, 0, 0-HOST1-HOST1, 0.000000, 0.000000, 0.000000, topology, 100284574, 100359203, 339
Link, 0, 0-HOST1-HOST1, 0.000000, 0.000000, 0.000000, topology, 100331484, 100416828, 340
Link, 0, 0-HOST1-HOST1, 0.000000, 0.000000, 0.000000, topology, 100224447, 100284574, 341
Link, 0, 0-HOST1-HOST1, 0.000000, 0.000000, 0.000000, topology, 100292843, 100422926, 342
Link, 0, 0-HOST1-HOST1, 0.000000, 0.000000, 0.000000, topology, 100324694, 100422926, 343
Link, 0, 0-HOST1-HOST1, 0.000000, 0.000000, 0.000000, topology, 100036570, 100152889, 344
Link, 0, 0-HOST1-HOST1, 0.000000, 0.000000, 0.000000, topology, 100224447, 100309685, 345
Link, 0, 0-HOST1-HOST1, 0.000000, 0.000000, 0.000000, topology, 100117943, 100427449, 346
Link, 0, 0-HOST1-HOST1, 0.000000, 0.000000, 0.000000, topology, 100152889, 100359203, 347
Link, 0, 0-HOST1-HOST1, 0.000000, 0.000000, 0.000000, topology, 100178474, 100422926, 348
Link, 0, 0-HOST1-HOST1, 0.000000, 0.000000, 0.000000, topology, 100094952, 100186365, 349
Link, 0, 0-HOST1-HOST1, 0.000000, 0.000000, 0.000000, topology, 100066658, 100324694, 350
Link, 0, 0-HOST1-HOST1, 0.000000, 0.000000, 0.000000, topology, 100066658, 100292843, 351
Link, 0, 0-HOST1-HOST1, 0.000000, 0.000000, 0.000000, topology, 100309685, 100416828, 352
Link, 0, 0-HOST1-HOST1, 0.000000, 0.000000, 0.000000, topology, 100152889, 100186365, 353
Link, 0, 0-HOST1-HOST1, 0.000000, 0.000000, 0.000000, topology, 100117943, 100238799, 354
Link, 0, 0-HOST1-HOST1, 0.000000, 0.000000, 0.000000, topology, 100117943, 100379397, 355
Link, 0, 0-HOST1-HOST1, 0.000000, 0.000000, 0.000000, topology, 100041334, 100280711, 356
Link, 0, 0-HOST1-HOST1, 0.000000, 0.000000, 0.000000, topology, 100427449, 100429957, 357
Link, 0, 0-HOST1-HOST1, 0.000000, 0.000000, 0.000000, topology, 100238799, 100347816, 358
Link, 0, 0-HOST1-HOST1, 0.000000, 0.000000, 0.000000, topology, 100030591, 100180261, 359
Link, 0, 0-HOST1-HOST1, 0.000000, 0.000000, 0.000000, topology, 100238799, 100273297, 360
Link, 0, 0-HOST1-HOST1, 0.000000, 0.000000, 0.000000, topology, 100036570, 100180261, 361
Link, 0, 0-HOST1-HOST1, 0.000000, 0.000000, 0.000000, topology, 100126290, 100280711, 362
Link, 0, 0-HOST1-HOST1, 0.000000, 0.000000, 0.000000, topology, 100224447, 100404046, 363
Link, 0, 0-HOST1-HOST1, 0.000000, 0.000000, 0.000000, topology, 100041334, 100324694, 364
Link, 0, 0-HOST1-HOST1, 0.000000, 0.000000, 0.000000, topology, 100041334, 100292843, 365
Link, 0, 0-HOST1-HOST1, 0.000000, 0.000000, 0.000000, topology, 100200866, 100355017, 366
Link, 0, 0-HOST1-HOST1, 0.000000, 0.000000, 0.000000, topology, 100280711, 100422926, 367
Link, 0, 0-HOST1-HOST1, 0.000000, 0.000000, 0.000000, topology, 100292843, 100413314, 368
Link, 0, 0-HOST1-HOST1, 0.000000, 0.000000, 0.000000, topology, 100324694, 100413314, 369
Link, 0, 0-HOST1-HOST1, 0.000000, 0.000000, 0.000000, topology, 100144483, 100326641, 370
Link, 0, 0-HOST1-HOST1, 0.000000, 0.000000, 0.000000, topology, 100030591, 100416828, 371
Link, 0, 0-HOST1-HOST1, 0.000000, 0.000000, 0.000000, topology, 100178474, 100413314, 372
Link, 0, 0-HOST1-HOST1, 0.000000, 0.000000, 0.000000, topology, 100180261, 100416828, 373
Link, 0, 0-HOST1-HOST1, 0.000000, 0.000000, 0.000000, topology, 100326641, 100422926, 374
Link, 0, 0-HOST1-HOST1, 0.000000, 0.000000, 0.000000, topology, 100126290, 100292843, 375
Link, 0, 0-HOST1-HOST1, 0.000000, 0.000000, 0.000000, topology, 100126290, 100324694, 376
Link, 0, 0-HOST1-HOST1, 0.000000, 0.000000, 0.000000, topology, 100144483, 100317715, 377
Link, 0, 0-HOST1-HOST1, 0.000000, 0.000000, 0.000000, topology, 100055671, 100090691, 378
Link, 0, 0-HOST1-HOST1, 0.000000, 0.000000, 0.000000, topology, 100224447, 100354536, 379
Link, 0, 0-HOST1-HOST1, 0.000000, 0.000000, 0.000000, topology, 100273297, 100280711, 380
Link, 0, 0-HOST1-HOST1, 0.000000, 0.000000, 0.000000, topology, 100090691, 100422926, 381
Link, 0, 0-HOST1-HOST1, 0.000000, 0.000000, 0.000000, topology, 100036570, 100416828, 382
Link, 0, 0-HOST1-HOST1, 0.000000, 0.000000, 0.000000, topology, 100292843, 100359203, 383
Link, 0, 0-HOST1-HOST1, 0.000000, 0.000000, 0.000000, topology, 100324694, 100359203, 384
Link, 0, 0-HOST1-HOST1, 0.000000, 0.000000, 0.000000, topology, 100309685, 100315281, 385
Link, 0, 0-HOST1-HOST1, 0.000000, 0.000000, 0.000000, topology, 100094952, 100224447, 386
Link, 0, 0-HOST1-HOST1, 0.000000, 0.000000, 0.000000, topology, 100185883, 100280711, 387
Link, 0, 0-HOST1-HOST1, 0.000000, 0.000000, 0.000000, topology, 100186365, 100331484, 388
Link, 0, 0-HOST1-HOST1, 0.000000, 0.000000, 0.000000, topology, 100094952, 100144483, 389
Link, 0, 0-HOST1-HOST1, 0.000000, 0.000000, 0.000000, topology, 100055671, 100347816, 390
Link, 0, 0-HOST1-HOST1, 0.000000, 0.000000, 0.000000, topology, 100178474, 100359203, 391
Link, 0, 0-HOST1-HOST1, 0.000000, 0.000000, 0.000000, topology, 100207885, 100224447, 392
Link, 0, 0-HOST1-HOST1, 0.000000, 0.000000, 0.000000, topology, 100055671, 100273297, 393
Link, 0, 0-HOST1-HOST1, 0.000000, 0.000000, 0.000000, topology, 100144483, 100178474, 394
Link, 0, 0-HOST1-HOST1, 0.000000, 0.000000, 0.000000, topology, 100066658, 100117943, 395
Link, 0, 0-HOST1-HOST1, 0.000000, 0.000000, 0.000000, topology, 100152889, 100224447, 396
Link, 0, 0-HOST1-HOST1, 0.000000, 0.000000, 0.000000, topology, 100315281, 100429957, 397
Link, 0, 0-HOST1-HOST1, 0.000000, 0.000000, 0.000000, topology, 100273297, 100292843, 398
Link, 0, 0-HOST1-HOST1, 0.000000, 0.000000, 0.000000, topology, 100273297, 100324694, 399
Link, 0, 0-HOST1-HOST1, 0.000000, 0.000000, 0.000000, topology, 100331484, 100429957, 400
Link, 0, 0-HOST1-HOST1, 0.000000, 0.000000, 0.000000, topology, 100347816, 100427449, 401
Link, 0, 0-HOST1-HOST1, 0.000000, 0.000000, 0.000000, topology, 100178474, 100186365, 402
Link, 0, 0-HOST1-HOST1, 0.000000, 0.000000, 0.000000, topology, 100185883, 100324694, 403
Link, 0, 0-HOST1-HOST1, 0.000000, 0.000000, 0.000000, topology, 100185883, 100292843, 404
Link, 0, 0-HOST1-HOST1, 0.000000, 0.000000, 0.000000, topology, 100066658, 100284574, 405
Link, 0, 0-HOST1-HOST1, 0.000000, 0.000000, 0.000000, topology, 100066658, 100207885, 406
Link, 0, 0-HOST1-HOST1, 0.000000, 0.000000, 0.000000, topology, 100066658, 100309685, 407
Link, 0, 0-HOST1-HOST1, 0.000000, 0.000000, 0.000000, topology, 100066658, 100185883, 408
Link, 0, 0-HOST1-HOST1, 0.000000, 0.000000, 0.000000, topology, 100280711, 100413314, 409
Link, 0, 0-HOST1-HOST1, 0.000000, 0.000000, 0.000000, topology, 100309685, 100429957, 410
Link, 0, 0-HOST1-HOST1, 0.000000, 0.000000, 0.000000, topology, 100347816, 100379397, 411
Link, 0, 0-HOST1-HOST1, 0.000000, 0.000000, 0.000000, topology, 100238799, 100427449, 412
Link, 0, 0-HOST1-HOST1, 0.000000, 0.000000, 0.000000, topology, 100379397, 100427449, 413
Link, 0, 0-HOST1-HOST1, 0.000000, 0.000000, 0.000000, topology, 100180261, 100315281, 414
Link, 0, 0-HOST1-HOST1, 0.000000, 0.000000, 0.000000, topology, 100030591, 100315281, 415
Link, 0, 0-HOST1-HOST1, 0.000000, 0.000000, 0.000000, topology, 100326641, 100413314, 416
Link, 0, 0-HOST1-HOST1, 0.000000, 0.000000, 0.000000, topology, 100041334, 100117943, 417
Link, 0, 0-HOST1-HOST1, 0.000000, 0.000000, 0.000000, topology, 100090691, 100413314, 418
Link, 0, 0-HOST1-HOST1, 0.000000, 0.000000, 0.000000, topology, 100036570, 100315281, 419
Link, 0, 0-HOST1-HOST1, 0.000000, 0.000000, 0.000000, topology, 100280711, 100359203, 420
Link, 0, 0-HOST1-HOST1, 0.000000, 0.000000, 0.000000, topology, 100238799, 100379397, 421
Link, 0, 0-HOST1-HOST1, 0.000000, 0.000000, 0.000000, topology, 100326641, 100359203, 422
Link, 0, 0-HOST1-HOST1, 0.000000, 0.000000, 0.000000, topology, 100144483, 100355017, 423
Link, 0, 0-HOST1-HOST1, 0.000000, 0.000000, 0.000000, topology, 100041334, 100284574, 424
Link, 0, 0-HOST1-HOST1, 0.000000, 0.000000, 0.000000, topology, 100041334, 100207885, 425
Link, 0, 0-HOST1-HOST1, 0.000000, 0.000000, 0.000000, topology, 100041334, 100309685, 426
Link, 0, 0-HOST1-HOST1, 0.000000, 0.000000, 0.000000, topology, 100090691, 100359203, 427
Link, 0, 0-HOST1-HOST1, 0.000000, 0.000000, 0.000000, topology, 100224447, 100422926, 428
Link, 0, 0-HOST1-HOST1, 0.000000, 0.000000, 0.000000, topology, 100117943, 100331484, 429
Link, 0, 0-HOST1-HOST1, 0.000000, 0.000000, 0.000000, topology, 100041334, 100185883, 430
Link, 0, 0-HOST1-HOST1, 0.000000, 0.000000, 0.000000, topology, 100066658, 100404046, 431
Link, 0, 0-HOST1-HOST1, 0.000000, 0.000000, 0.000000, topology, 100030591, 100066658, 432
Link, 0, 0-HOST1-HOST1, 0.000000, 0.000000, 0.000000, topology, 100126290, 100284574, 433
Link, 0, 0-HOST1-HOST1, 0.000000, 0.000000, 0.000000, topology, 100126290, 100207885, 434
Link, 0, 0-HOST1-HOST1, 0.000000, 0.000000, 0.000000, topology, 100200866, 100416828, 435
Link, 0, 0-HOST1-HOST1, 0.000000, 0.000000, 0.000000, topology, 100126290, 100309685, 436
Link, 0, 0-HOST1-HOST1, 0.000000, 0.000000, 0.000000, topology, 100036570, 100066658, 437
Link, 0, 0-HOST1-HOST1, 0.000000, 0.000000, 0.000000, topology, 100126290, 100185883, 438
Link, 0, 0-HOST1-HOST1, 0.000000, 0.000000, 0.000000, topology, 100066658, 100200866, 439
Link, 0, 0-HOST1-HOST1, 0.000000, 0.000000, 0.000000, topology, 100317715, 100347816, 440
Link, 0, 0-HOST1-HOST1, 0.000000, 0.000000, 0.000000, topology, 100180261, 100429957, 441
Link, 0, 0-HOST1-HOST1, 0.000000, 0.000000, 0.000000, topology, 100178474, 100224447, 442
Link, 0, 0-HOST1-HOST1, 0.000000, 0.000000, 0.000000, topology, 100090691, 100186365, 443
Link, 0, 0-HOST1-HOST1, 0.000000, 0.000000, 0.000000, topology, 100055671, 100427449, 444
Link, 0, 0-HOST1-HOST1, 0.000000, 0.000000, 0.000000, topology, 100030591, 100429957, 445
Link, 0, 0-HOST1-HOST1, 0.000000, 0.000000, 0.000000, topology, 100422926, 100427449, 446
Link, 0, 0-HOST1-HOST1, 0.000000, 0.000000, 0.000000, topology, 100144483, 100152889, 447
Link, 0, 0-HOST1-HOST1, 0.000000, 0.000000, 0.000000, topology, 100066658, 100354536, 448
Link, 0, 0-HOST1-HOST1, 0.000000, 0.000000, 0.000000, topology, 100036570, 100429957, 449
Link, 0, 0-HOST1-HOST1, 0.000000, 0.000000, 0.000000, topology, 100094952, 100347816, 450
Link, 0, 0-HOST1-HOST1, 0.000000, 0.000000, 0.000000, topology, 100207885, 100347816, 451
Link, 0, 0-HOST1-HOST1, 0.000000, 0.000000, 0.000000, topology, 100094952, 100273297, 452
Link, 0, 0-HOST1-HOST1, 0.000000, 0.000000, 0.000000, topology, 100284574, 100347816, 453
Link, 0, 0-HOST1-HOST1, 0.000000, 0.000000, 0.000000, topology, 100207885, 100273297, 454
Link, 0, 0-HOST1-HOST1, 0.000000, 0.000000, 0.000000, topology, 100273297, 100284574, 455
Link, 0, 0-HOST1-HOST1, 0.000000, 0.000000, 0.000000, topology, 100273297, 100309685, 456
Link, 0, 0-HOST1-HOST1, 0.000000, 0.000000, 0.000000, topology, 100152889, 100347816, 457
Link, 0, 0-HOST1-HOST1, 0.000000, 0.000000, 0.000000, topology, 100055671, 100379397, 458
Link, 0, 0-HOST1-HOST1, 0.000000, 0.000000, 0.000000, topology, 100055671, 100238799, 459
Link, 0, 0-HOST1-HOST1, 0.000000, 0.000000, 0.000000, topology, 100185883, 100284574, 460
Link, 0, 0-HOST1-HOST1, 0.000000, 0.000000, 0.000000, topology, 100185883, 100207885, 461
Link, 0, 0-HOST1-HOST1, 0.000000, 0.000000, 0.000000, topology, 100152889, 100273297, 462
Link, 0, 0-HOST1-HOST1, 0.000000, 0.000000, 0.000000, topology, 100185883, 100309685, 463
Link, 0, 0-HOST1-HOST1, 0.000000, 0.000000, 0.000000, topology, 100041334, 100404046, 464
Link, 0, 0-HOST1-HOST1, 0.000000, 0.000000, 0.000000, topology, 100030591, 100041334, 465
Link, 0, 0-HOST1-HOST1, 0.000000, 0.000000, 0.000000, topology, 100036570, 100041334, 466
Link, 0, 0-HOST1-HOST1, 0.000000, 0.000000, 0.000000, topology, 100041334, 100200866, 467
Link, 0, 0-HOST1-HOST1, 0.000000, 0.000000, 0.000000, topology, 100126290, 100404046, 468
Link, 0, 0-HOST1-HOST1, 0.000000, 0.000000, 0.000000, topology, 100224447, 100413314, 469
Link, 0, 0-HOST1-HOST1, 0.000000, 0.000000, 0.000000, topology, 100041334, 100354536, 470
Link, 0, 0-HOST1-HOST1, 0.000000, 0.000000, 0.000000, topology, 100200866, 100315281, 471
Link, 0, 0-HOST1-HOST1, 0.000000, 0.000000, 0.000000, topology, 100144483, 100180261, 472
Link, 0, 0-HOST1-HOST1, 0.000000, 0.000000, 0.000000, topology, 100126290, 100200866, 473
Link, 0, 0-HOST1-HOST1, 0.000000, 0.000000, 0.000000, topology, 100354536, 100404046, 474
Link, 0, 0-HOST1-HOST1, 0.000000, 0.000000, 0.000000, topology, 100224447, 100359203, 475
Link, 0, 0-HOST1-HOST1, 0.000000, 0.000000, 0.000000, topology, 100126290, 100354536, 476
Link, 0, 0-HOST1-HOST1, 0.000000, 0.000000, 0.000000, topology, 100090691, 100224447, 477
Link, 0, 0-HOST1-HOST1, 0.000000, 0.000000, 0.000000, topology, 100273297, 100404046, 478
Link, 0, 0-HOST1-HOST1, 0.000000, 0.000000, 0.000000, topology, 100315281, 100324694, 479
Link, 0, 0-HOST1-HOST1, 0.000000, 0.000000, 0.000000, topology, 100090691, 100144483, 480
Link, 0, 0-HOST1-HOST1, 0.000000, 0.000000, 0.000000, topology, 100186365, 100326641, 481
Link, 0, 0-HOST1-HOST1, 0.000000, 0.000000, 0.000000, topology, 100185883, 100404046, 482
Link, 0, 0-HOST1-HOST1, 0.000000, 0.000000, 0.000000, topology, 100186365, 100317715, 483
Link, 0, 0-HOST1-HOST1, 0.000000, 0.000000, 0.000000, topology, 100144483, 100416828, 484
Link, 0, 0-HOST1-HOST1, 0.000000, 0.000000, 0.000000, topology, 100055671, 100094952, 485
Link, 0, 0-HOST1-HOST1, 0.000000, 0.000000, 0.000000, topology, 100317715, 100427449, 486
Link, 0, 0-HOST1-HOST1, 0.000000, 0.000000, 0.000000, topology, 100185883, 100200866, 487
Link, 0, 0-HOST1-HOST1, 0.000000, 0.000000, 0.000000, topology, 100066658, 100422926, 488
Link, 0, 0-HOST1-HOST1, 0.000000, 0.000000, 0.000000, topology, 100273297, 100354536, 489
Link, 0, 0-HOST1-HOST1, 0.000000, 0.000000, 0.000000, topology, 100292843, 100347816, 490
Link, 0, 0-HOST1-HOST1, 0.000000, 0.000000, 0.000000, topology, 100324694, 100347816, 491
Link, 0, 0-HOST1-HOST1, 0.000000, 0.000000, 0.000000, topology, 100200866, 100429957, 492
Link, 0, 0-HOST1-HOST1, 0.000000, 0.000000, 0.000000, topology, 100185883, 100354536, 493
Link, 0, 0-HOST1-HOST1, 0.000000, 0.000000, 0.000000, topology, 100094952, 100427449, 494
Link, 0, 0-HOST1-HOST1, 0.000000, 0.000000, 0.000000, topology, 100309685, 100324694, 495
Link, 0, 0-HOST1-HOST1, 0.000000, 0.000000, 0.000000, topology, 100207885, 100427449, 496
Link, 0, 0-HOST1-HOST1, 0.000000, 0.000000, 0.000000, topology, 100178474, 100347816, 497
Link, 0, 0-HOST1-HOST1, 0.000000, 0.000000, 0.000000, topology, 100284574, 100427449, 498
Link, 0, 0-HOST1-HOST1, 0.000000, 0.000000, 0.000000, topology, 100238799, 100331484, 499
Link, 0, 0-HOST1-HOST1, 0.000000, 0.000000, 0.000000, topology, 100178474, 100273297, 500
Link, 0, 0-HOST1-HOST1, 0.000000, 0.000000, 0.000000, topology, 100317715, 100379397, 501
Link, 0, 0-HOST1-HOST1, 0.000000, 0.000000, 0.000000, topology, 100152889, 100427449, 502
Link, 0, 0-HOST1-HOST1, 0.000000, 0.000000, 0.000000, topology, 100094952, 100379397, 503
Link, 0, 0-HOST1-HOST1, 0.000000, 0.000000, 0.000000, topology, 100094952, 100238799, 504
Link, 0, 0-HOST1-HOST1, 0.000000, 0.000000, 0.000000, topology, 100207885, 100379397, 505
Link, 0, 0-HOST1-HOST1, 0.000000, 0.000000, 0.000000, topology, 100207885, 100238799, 506
Link, 0, 0-HOST1-HOST1, 0.000000, 0.000000, 0.000000, topology, 100284574, 100379397, 507
Link, 0, 0-HOST1-HOST1, 0.000000, 0.000000, 0.000000, topology, 100180261, 100280711, 508
Link, 0, 0-HOST1-HOST1, 0.000000, 0.000000, 0.000000, topology, 100030591, 100280711, 509
Link, 0, 0-HOST1-HOST1, 0.000000, 0.000000, 0.000000, topology, 100152889, 100379397, 510
Link, 0, 0-HOST1-HOST1, 0.000000, 0.000000, 0.000000, topology, 100152889, 100238799, 511
Link, 0, 0-HOST1-HOST1, 0.000000, 0.000000, 0.000000, topology, 100041334, 100422926, 512
Link, 0, 0-HOST1-HOST1, 0.000000, 0.000000, 0.000000, topology, 100036570, 100280711, 513
Link, 0, 0-HOST1-HOST1, 0.000000, 0.000000, 0.000000, topology, 100144483, 100315281, 514
Link, 0, 0-HOST1-HOST1, 0.000000, 0.000000, 0.000000, topology, 100126290, 100422926, 515
Link, 0, 0-HOST1-HOST1, 0.000000, 0.000000, 0.000000, topology, 100180261, 100324694, 516
Link, 0, 0-HOST1-HOST1, 0.000000, 0.000000, 0.000000, topology, 100180261, 100292843, 517
Link, 0, 0-HOST1-HOST1, 0.000000, 0.000000, 0.000000, topology, 100030591, 100324694, 518
Link, 0, 0-HOST1-HOST1, 0.000000, 0.000000, 0.000000, topology, 100030591, 100292843, 519
Link, 0, 0-HOST1-HOST1, 0.000000, 0.000000, 0.000000, topology, 100413314, 100427449, 520
Link, 0, 0-HOST1-HOST1, 0.000000, 0.000000, 0.000000, topology, 100117943, 100326641, 521
Link, 0, 0-HOST1-HOST1, 0.000000, 0.000000, 0.000000, topology, 100066658, 100413314, 522
Link, 0, 0-HOST1-HOST1, 0.000000, 0.000000, 0.000000, topology, 100055671, 100331484, 523
Link, 0, 0-HOST1-HOST1, 0.000000, 0.000000, 0.000000, topology, 100280711, 100347816, 524
Link, 0, 0-HOST1-HOST1, 0.000000, 0.000000, 0.000000, topology, 100117943, 100317715, 525
Link, 0, 0-HOST1-HOST1, 0.000000, 0.000000, 0.000000, topology, 100036570, 100324694, 526
Link, 0, 0-HOST1-HOST1, 0.000000, 0.000000, 0.000000, topology, 100036570, 100292843, 527
Link, 0, 0-HOST1-HOST1, 0.000000, 0.000000, 0.000000, topology, 100186365, 100355017, 528
Link, 0, 0-HOST1-HOST1, 0.000000, 0.000000, 0.000000, topology, 100326641, 100347816, 529
Link, 0, 0-HOST1-HOST1, 0.000000, 0.000000, 0.000000, topology, 100354536, 100422926, 530
Link, 0, 0-HOST1-HOST1, 0.000000, 0.000000, 0.000000, topology, 100359203, 100416828, 531
Link, 0, 0-HOST1-HOST1, 0.000000, 0.000000, 0.000000, topology, 100066658, 100359203, 532
Link, 0, 0-HOST1-HOST1, 0.000000, 0.000000, 0.000000, topology, 100090691, 100347816, 533
Link, 0, 0-HOST1-HOST1, 0.000000, 0.000000, 0.000000, topology, 100416828, 100422926, 534
Link, 0, 0-HOST1-HOST1, 0.000000, 0.000000, 0.000000, topology, 100090691, 100273297, 535
Link, 0, 0-HOST1-HOST1, 0.000000, 0.000000, 0.000000, topology, 100273297, 100422926, 536
Link, 0, 0-HOST1-HOST1, 0.000000, 0.000000, 0.000000, topology, 100117943, 100178474, 537
Link, 0, 0-HOST1-HOST1, 0.000000, 0.000000, 0.000000, topology, 100185883, 100422926, 538
Link, 0, 0-HOST1-HOST1, 0.000000, 0.000000, 0.000000, topology, 100292843, 100427449, 539
Link, 0, 0-HOST1-HOST1, 0.000000, 0.000000, 0.000000, topology, 100324694, 100427449, 540
Link, 0, 0-HOST1-HOST1, 0.000000, 0.000000, 0.000000, topology, 100144483, 100429957, 541
Link, 0, 0-HOST1-HOST1, 0.000000, 0.000000, 0.000000, topology, 100066658, 100186365, 542
Link, 0, 0-HOST1-HOST1, 0.000000, 0.000000, 0.000000, topology, 100178474, 100427449, 543
Link, 0, 0-HOST1-HOST1, 0.000000, 0.000000, 0.000000, topology, 100041334, 100413314, 544
Link, 0, 0-HOST1-HOST1, 0.000000, 0.000000, 0.000000, topology, 100292843, 100379397, 545
Link, 0, 0-HOST1-HOST1, 0.000000, 0.000000, 0.000000, topology, 100324694, 100379397, 546
Link, 0, 0-HOST1-HOST1, 0.000000, 0.000000, 0.000000, topology, 100126290, 100413314, 547
Link, 0, 0-HOST1-HOST1, 0.000000, 0.000000, 0.000000, topology, 100178474, 100379397, 548
Link, 0, 0-HOST1-HOST1, 0.000000, 0.000000, 0.000000, topology, 100178474, 100238799, 549
Link, 0, 0-HOST1-HOST1, 0.000000, 0.000000, 0.000000, topology, 100041334, 100359203, 550
Link, 0, 0-HOST1-HOST1, 0.000000, 0.000000, 0.000000, topology, 100315281, 100404046, 551
Link, 0, 0-HOST1-HOST1, 0.000000, 0.000000, 0.000000, topology, 100200866, 100280711, 552
Link, 0, 0-HOST1-HOST1, 0.000000, 0.000000, 0.000000, topology, 100331484, 100404046, 553
Link, 0, 0-HOST1-HOST1, 0.000000, 0.000000, 0.000000, topology, 100126290, 100359203, 554
Link, 0, 0-HOST1-HOST1, 0.000000, 0.000000, 0.000000, topology, 100354536, 100413314, 555
Link, 0, 0-HOST1-HOST1, 0.000000, 0.000000, 0.000000, topology, 100030591, 100117943, 556
Link, 0, 0-HOST1-HOST1, 0.000000, 0.000000, 0.000000, topology, 100041334, 100186365, 557
Link, 0, 0-HOST1-HOST1, 0.000000, 0.000000, 0.000000, topology, 100117943, 100126290, 558
Link, 0, 0-HOST1-HOST1, 0.000000, 0.000000, 0.000000, topology, 100117943, 100355017, 559
Link, 0, 0-HOST1-HOST1, 0.000000, 0.000000, 0.000000, topology, 100036570, 100117943, 560
Link, 0, 0-HOST1-HOST1, 0.000000, 0.000000, 0.000000, topology, 100273297, 100413314, 561
Link, 0, 0-HOST1-HOST1, 0.000000, 0.000000, 0.000000, topology, 100315281, 100354536, 562
Link, 0, 0-HOST1-HOST1, 0.000000, 0.000000, 0.000000, topology, 100317715, 100331484, 563
Link, 0, 0-HOST1-HOST1, 0.000000, 0.000000, 0.000000, topology, 100180261, 100284574, 564
Link, 0, 0-HOST1-HOST1, 0.000000, 0.000000, 0.000000, topology, 100180261, 100207885, 565
Link, 0, 0-HOST1-HOST1, 0.000000, 0.000000, 0.000000, topology, 100030591, 100284574, 566
Link, 0, 0-HOST1-HOST1, 0.000000, 0.000000, 0.000000, topology, 100030591, 100207885, 567
Link, 0, 0-HOST1-HOST1, 0.000000, 0.000000, 0.000000, topology, 100354536, 100359203, 568
Link, 0, 0-HOST1-HOST1, 0.000000, 0.000000, 0.000000, topology, 100185883, 100413314, 569
Link, 0, 0-HOST1-HOST1, 0.000000, 0.000000, 0.000000, topology, 100180261, 100309685, 570
Link, 0, 0-HOST1-HOST1, 0.000000, 0.000000, 0.000000, topology, 100126290, 100186365, 571
Link, 0, 0-HOST1-HOST1, 0.000000, 0.000000, 0.000000, topology, 100030591, 100309685, 572
Link, 0, 0-HOST1-HOST1, 0.000000, 0.000000, 0.000000, topology, 100280711, 100427449, 573
Link, 0, 0-HOST1-HOST1, 0.000000, 0.000000, 0.000000, topology, 100309685, 100404046, 574
Link, 0, 0-HOST1-HOST1, 0.000000, 0.000000, 0.000000, topology, 100331484, 100354536, 575
Link, 0, 0-HOST1-HOST1, 0.000000, 0.000000, 0.000000, topology, 100200866, 100324694, 576
Link, 0, 0-HOST1-HOST1, 0.000000, 0.000000, 0.000000, topology, 100200866, 100292843, 577
Link, 0, 0-HOST1-HOST1, 0.000000, 0.000000, 0.000000, topology, 100355017, 100416828, 578
Link, 0, 0-HOST1-HOST1, 0.000000, 0.000000, 0.000000, topology, 100180261, 100185883, 579
Link, 0, 0-HOST1-HOST1, 0.000000, 0.000000, 0.000000, topology, 100036570, 100284574, 580
Link, 0, 0-HOST1-HOST1, 0.000000, 0.000000, 0.000000, topology, 100036570, 100207885, 581
Link, 0, 0-HOST1-HOST1, 0.000000, 0.000000, 0.000000, topology, 100030591, 100185883, 582
Link, 0, 0-HOST1-HOST1, 0.000000, 0.000000, 0.000000, topology, 100224447, 100347816, 583
Link, 0, 0-HOST1-HOST1, 0.000000, 0.000000, 0.000000, topology, 100094952, 100331484, 584
Link, 0, 0-HOST1-HOST1, 0.000000, 0.000000, 0.000000, topology, 100036570, 100309685, 585
Link, 0, 0-HOST1-HOST1, 0.000000, 0.000000, 0.000000, topology, 100273297, 100359203, 586
Link, 0, 0-HOST1-HOST1, 0.000000, 0.000000, 0.000000, topology, 100326641, 100427449, 587
Link, 0, 0-HOST1-HOST1, 0.000000, 0.000000, 0.000000, topology, 100224447, 100273297, 588
Link, 0, 0-HOST1-HOST1, 0.000000, 0.000000, 0.000000, topology, 100207885, 100331484, 589
Link, 0, 0-HOST1-HOST1, 0.000000, 0.000000, 0.000000, topology, 100284574, 100331484, 590
Link, 0, 0-HOST1-HOST1, 0.000000, 0.000000, 0.000000, topology, 100066658, 100224447, 591
Link, 0, 0-HOST1-HOST1, 0.000000, 0.000000, 0.000000, topology, 100036570, 100185883, 592
Link, 0, 0-HOST1-HOST1, 0.000000, 0.000000, 0.000000, topology, 100185883, 100359203, 593
Link, 0, 0-HOST1-HOST1, 0.000000, 0.000000, 0.000000, topology, 100090691, 100427449, 594
Link, 0, 0-HOST1-HOST1, 0.000000, 0.000000, 0.000000, topology, 100066658, 100144483, 595
Link, 0, 0-HOST1-HOST1, 0.000000, 0.000000, 0.000000, topology, 100152889, 100331484, 596
Link, 0, 0-HOST1-HOST1, 0.000000, 0.000000, 0.000000, topology, 100280711, 100379397, 597
Link, 0, 0-HOST1-HOST1, 0.000000, 0.000000, 0.000000, topology, 100309685, 100354536, 598
Link, 0, 0-HOST1-HOST1, 0.000000, 0.000000, 0.000000, topology, 100186365, 100416828, 599
Link, 0, 0-HOST1-HOST1, 0.000000, 0.000000, 0.000000, topology, 100117943, 100152889, 600
Link, 0, 0-HOST1-HOST1, 0.000000, 0.000000, 0.000000, topology, 100359203, 100429957, 601
Link, 0, 0-HOST1-HOST1, 0.000000, 0.000000, 0.000000, topology, 100238799, 100326641, 602
Link, 0, 0-HOST1-HOST1, 0.000000, 0.000000, 0.000000, topology, 100326641, 100379397, 603
Link, 0, 0-HOST1-HOST1, 0.000000, 0.000000, 0.000000, topology, 100238799, 100317715, 604
Link, 0, 0-HOST1-HOST1, 0.000000, 0.000000, 0.000000, topology, 100185883, 100186365, 605
Link, 0, 0-HOST1-HOST1, 0.000000, 0.000000, 0.000000, topology, 100090691, 100238799, 606
Link, 0, 0-HOST1-HOST1, 0.000000, 0.000000, 0.000000, topology, 100090691, 100379397, 607
Link, 0, 0-HOST1-HOST1, 0.000000, 0.000000, 0.000000, topology, 100180261, 100404046, 608
Link, 0, 0-HOST1-HOST1, 0.000000, 0.000000, 0.000000, topology, 100030591, 100404046, 609
Link, 0, 0-HOST1-HOST1, 0.000000, 0.000000, 0.000000, topology, 100041334, 100224447, 610
Link, 0, 0-HOST1-HOST1, 0.000000, 0.000000, 0.000000, topology, 100036570, 100404046, 611
Link, 0, 0-HOST1-HOST1, 0.000000, 0.000000, 0.000000, topology, 100041334, 100144483, 612
Link, 0, 0-HOST1-HOST1, 0.000000, 0.000000, 0.000000, topology, 100180261, 100200866, 613
Link, 0, 0-HOST1-HOST1, 0.000000, 0.000000, 0.000000, topology, 100030591, 100200866, 614
Link, 0, 0-HOST1-HOST1, 0.000000, 0.000000, 0.000000, topology, 100144483, 100280711, 615
Link, 0, 0-HOST1-HOST1, 0.000000, 0.000000, 0.000000, topology, 100126290, 100224447, 616
Link, 0, 0-HOST1-HOST1, 0.000000, 0.000000, 0.000000, topology, 100117943, 100180261, 617
Link, 0, 0-HOST1-HOST1, 0.000000, 0.000000, 0.000000, topology, 100036570, 100200866, 618
Link, 0, 0-HOST1-HOST1, 0.000000, 0.000000, 0.000000, topology, 100180261, 100354536, 619
Link, 0, 0-HOST1-HOST1, 0.000000, 0.000000, 0.000000, topology, 100126290, 100144483, 620
Link, 0, 0-HOST1-HOST1, 0.000000, 0.000000, 0.000000, topology, 100030591, 100354536, 621
Link, 0, 0-HOST1-HOST1, 0.000000, 0.000000, 0.000000, topology, 100315281, 100422926, 622
Link, 0, 0-HOST1-HOST1, 0.000000, 0.000000, 0.000000, topology, 100055671, 100326641, 623
Link, 0, 0-HOST1-HOST1, 0.000000, 0.000000, 0.000000, topology, 100036570, 100354536, 624
Link, 0, 0-HOST1-HOST1, 0.000000, 0.000000, 0.000000, topology, 100404046, 100416828, 625
Link, 0, 0-HOST1-HOST1, 0.000000, 0.000000, 0.000000, topology, 100055671, 100317715, 626
Link, 0, 0-HOST1-HOST1, 0.000000, 0.000000, 0.000000, topology, 100331484, 100422926, 627
Link, 0, 0-HOST1-HOST1, 0.000000, 0.000000, 0.000000, topology, 100186365, 100315281, 628
Link, 0, 0-HOST1-HOST1, 0.000000, 0.000000, 0.000000, topology, 100347816, 100355017, 629
Link, 0, 0-HOST1-HOST1, 0.000000, 0.000000, 0.000000, topology, 100292843, 100331484, 630
Link, 0, 0-HOST1-HOST1, 0.000000, 0.000000, 0.000000, topology, 100324694, 100331484, 631
Link, 0, 0-HOST1-HOST1, 0.000000, 0.000000, 0.000000, topology, 100200866, 100284574, 632
Link, 0, 0-HOST1-HOST1, 0.000000, 0.000000, 0.000000, topology, 100200866, 100207885, 633
Link, 0, 0-HOST1-HOST1, 0.000000, 0.000000, 0.000000, topology, 100144483, 100324694, 634
Link, 0, 0-HOST1-HOST1, 0.000000, 0.000000, 0.000000, topology, 100144483, 100292843, 635
Link, 0, 0-HOST1-HOST1, 0.000000, 0.000000, 0.000000, topology, 100224447, 100427449, 636
Link, 0, 0-HOST1-HOST1, 0.000000, 0.000000, 0.000000, topology, 100200866, 100309685, 637
Link, 0, 0-HOST1-HOST1, 0.000000, 0.000000, 0.000000, topology, 100178474, 100331484, 638
Link, 0, 0-HOST1-HOST1, 0.000000, 0.000000, 0.000000, topology, 100117943, 100416828, 639
Link, 0, 0-HOST1-HOST1, 0.000000, 0.000000, 0.000000, topology, 100090691, 100094952, 640
Link, 0, 0-HOST1-HOST1, 0.000000, 0.000000, 0.000000, topology, 100055671, 100178474, 641
Link, 0, 0-HOST1-HOST1, 0.000000, 0.000000, 0.000000, topology, 100185883, 100224447, 642
Link, 0, 0-HOST1-HOST1, 0.000000, 0.000000, 0.000000, topology, 100066658, 100090691, 643
Link, 0, 0-HOST1-HOST1, 0.000000, 0.000000, 0.000000, topology, 100309685, 100422926, 644
Link, 0, 0-HOST1-HOST1, 0.000000, 0.000000, 0.000000, topology, 100355017, 100429957, 645
Link, 0, 0-HOST1-HOST1, 0.000000, 0.000000, 0.000000, topology, 100238799, 100355017, 646
Link, 0, 0-HOST1-HOST1, 0.000000, 0.000000, 0.000000, topology, 100066658, 100347816, 647
Link, 0, 0-HOST1-HOST1, 0.000000, 0.000000, 0.000000, topology, 100224447, 100379397, 648
Link, 0, 0-HOST1-HOST1, 0.000000, 0.000000, 0.000000, topology, 100224447, 100238799, 649
Link, 0, 0-HOST1-HOST1, 0.000000, 0.000000, 0.000000, topology, 100066658, 100273297, 650
Link, 0, 0-HOST1-HOST1, 0.000000, 0.000000, 0.000000, topology, 100186365, 100429957, 651
Link, 0, 0-HOST1-HOST1, 0.000000, 0.000000, 0.000000, topology, 100315281, 100413314, 652
Link, 0, 0-HOST1-HOST1, 0.000000, 0.000000, 0.000000, topology, 100331484, 100413314, 653
Link, 0, 0-HOST1-HOST1, 0.000000, 0.000000, 0.000000, topology, 100200866, 100404046, 654
Link, 0, 0-HOST1-HOST1, 0.000000, 0.000000, 0.000000, topology, 100041334, 100090691, 655
Link, 0, 0-HOST1-HOST1, 0.000000, 0.000000, 0.000000, topology, 100280711, 100331484, 656
Link, 0, 0-HOST1-HOST1, 0.000000, 0.000000, 0.000000, topology, 100315281, 100359203, 657
Link, 0, 0-HOST1-HOST1, 0.000000, 0.000000, 0.000000, topology, 100180261, 100422926, 658
Link, 0, 0-HOST1-HOST1, 0.000000, 0.000000, 0.000000, topology, 100030591, 100422926, 659
Link, 0, 0-HOST1-HOST1, 0.000000, 0.000000, 0.000000, topology, 100041334, 100347816, 660
Link, 0, 0-HOST1-HOST1, 0.000000, 0.000000, 0.000000, topology, 100055671, 100126290, 661
Link, 0, 0-HOST1-HOST1, 0.000000, 0.000000, 0.000000, topology, 100117943, 100315281, 662
Link, 0, 0-HOST1-HOST1, 0.000000, 0.000000, 0.000000, topology, 100041334, 100273297, 663
Link, 0, 0-HOST1-HOST1, 0.000000, 0.000000, 0.000000, topology, 100055671, 100355017, 664
Link, 0, 0-HOST1-HOST1, 0.000000, 0.000000, 0.000000, topology, 100326641, 100331484, 665
Link, 0, 0-HOST1-HOST1, 0.000000, 0.000000, 0.000000, topology, 100331484, 100359203, 666
Link, 0, 0-HOST1-HOST1, 0.000000, 0.000000, 0.000000, topology, 100036570, 100422926, 667
Link, 0, 0-HOST1-HOST1, 0.000000, 0.000000, 0.000000, topology, 100317715, 100326641, 668
Link, 0, 0-HOST1-HOST1, 0.000000, 0.000000, 0.000000, topology, 100309685, 100413314, 669
Link, 0, 0-HOST1-HOST1, 0.000000, 0.000000, 0.000000, topology, 100200866, 100354536, 670
Link, 0, 0-HOST1-HOST1, 0.000000, 0.000000, 0.000000, topology, 100090691, 100331484, 671
Link, 0, 0-HOST1-HOST1, 0.000000, 0.000000, 0.000000, topology, 100126290, 100347816, 672
Link, 0, 0-HOST1-HOST1, 0.000000, 0.000000, 0.000000, topology, 100126290, 100273297, 673
Link, 0, 0-HOST1-HOST1, 0.000000, 0.000000, 0.000000, topology, 100094952, 100326641, 674
Link, 0, 0-HOST1-HOST1, 0.000000, 0.000000, 0.000000, topology, 100207885, 100326641, 675
Link, 0, 0-HOST1-HOST1, 0.000000, 0.000000, 0.000000, topology, 100284574, 100326641, 676
Link, 0, 0-HOST1-HOST1, 0.000000, 0.000000, 0.000000, topology, 100094952, 100317715, 677
Link, 0, 0-HOST1-HOST1, 0.000000, 0.000000, 0.000000, topology, 100309685, 100359203, 678
Link, 0, 0-HOST1-HOST1, 0.000000, 0.000000, 0.000000, topology, 100207885, 100317715, 679
Link, 0, 0-HOST1-HOST1, 0.000000, 0.000000, 0.000000, topology, 100144483, 100284574, 680
Link, 0, 0-HOST1-HOST1, 0.000000, 0.000000, 0.000000, topology, 100144483, 100207885, 681
Link, 0, 0-HOST1-HOST1, 0.000000, 0.000000, 0.000000, topology, 100284574, 100317715, 682
Link, 0, 0-HOST1-HOST1, 0.000000, 0.000000, 0.000000, topology, 100404046, 100429957, 683
Link, 0, 0-HOST1-HOST1, 0.000000, 0.000000, 0.000000, topology, 100152889, 100326641, 684
Link, 0, 0-HOST1-HOST1, 0.000000, 0.000000, 0.000000, topology, 100144483, 100309685, 685
Link, 0, 0-HOST1-HOST1, 0.000000, 0.000000, 0.000000, topology, 100152889, 100317715, 686
Link, 0, 0-HOST1-HOST1, 0.000000, 0.000000, 0.000000, topology, 100144483, 100185883, 687
Link, 0, 0-HOST1-HOST1, 0.000000, 0.000000, 0.000000, topology, 100055671, 100152889, 688
Link, 0, 0-HOST1-HOST1, 0.000000, 0.000000, 0.000000, topology, 100347816, 100416828, 689
Link, 0, 0-HOST1-HOST1, 0.000000, 0.000000, 0.000000, topology, 100273297, 100347816, 690
Link, 0, 0-HOST1-HOST1, 0.000000, 0.000000, 0.000000, topology, 100094952, 100178474, 691
Link, 0, 0-HOST1-HOST1, 0.000000, 0.000000, 0.000000, topology, 100117943, 100429957, 692
Link, 0, 0-HOST1-HOST1, 0.000000, 0.000000, 0.000000, topology, 100066658, 100427449, 693
Link, 0, 0-HOST1-HOST1, 0.000000, 0.000000, 0.000000, topology, 100185883, 100347816, 694
Link, 0, 0-HOST1-HOST1, 0.000000, 0.000000, 0.000000, topology, 100185883, 100273297, 695
Link, 0, 0-HOST1-HOST1, 0.000000, 0.000000, 0.000000, topology, 100152889, 100178474, 696
Link, 0, 0-HOST1-HOST1, 0.000000, 0.000000, 0.000000, topology, 100180261, 100413314, 697
Link, 0, 0-HOST1-HOST1, 0.000000, 0.000000, 0.000000, topology, 100030591, 100413314, 698
Link, 0, 0-HOST1-HOST1, 0.000000, 0.000000, 0.000000, topology, 100238799, 100416828, 699
Link, 0, 0-HOST1-HOST1, 0.000000, 0.000000, 0.000000, topology, 100379397, 100416828, 700
Link, 0, 0-HOST1-HOST1, 0.000000, 0.000000, 0.000000, topology, 100036570, 100413314, 701
Link, 0, 0-HOST1-HOST1, 0.000000, 0.000000, 0.000000, topology, 100066658, 100238799, 702
Link, 0, 0-HOST1-HOST1, 0.000000, 0.000000, 0.000000, topology, 100066658, 100379397, 703
Link, 0, 0-HOST1-HOST1, 0.000000, 0.000000, 0.000000, topology, 100180261, 100359203, 704
Link, 0, 0-HOST1-HOST1, 0.000000, 0.000000, 0.000000, topology, 100030591, 100359203, 705
Link, 0, 0-HOST1-HOST1, 0.000000, 0.000000, 0.000000, topology, 100144483, 100404046, 706
Link, 0, 0-HOST1-HOST1, 0.000000, 0.000000, 0.000000, topology, 100055671, 100180261, 707
Link, 0, 0-HOST1-HOST1, 0.000000, 0.000000, 0.000000, topology, 100036570, 100359203, 708
Link, 0, 0-HOST1-HOST1, 0.000000, 0.000000, 0.000000, topology, 100041334, 100427449, 709
Link, 0, 0-HOST1-HOST1, 0.000000, 0.000000, 0.000000, topology, 100317715, 100355017, 710
Link, 0, 0-HOST1-HOST1, 0.000000, 0.000000, 0.000000, topology, 100224447, 100331484, 711
Link, 0, 0-HOST1-HOST1, 0.000000, 0.000000, 0.000000, topology, 100144483, 100200866, 712
Link, 0, 0-HOST1-HOST1, 0.000000, 0.000000, 0.000000, topology, 100200866, 100422926, 713
Link, 0, 0-HOST1-HOST1, 0.000000, 0.000000, 0.000000, topology, 100180261, 100186365, 714
Link, 0, 0-HOST1-HOST1, 0.000000, 0.000000, 0.000000, topology, 100030591, 100186365, 715
Link, 0, 0-HOST1-HOST1, 0.000000, 0.000000, 0.000000, topology, 100186365, 100280711, 716
Link, 0, 0-HOST1-HOST1, 0.000000, 0.000000, 0.000000, topology, 100094952, 100126290, 717
Link, 0, 0-HOST1-HOST1, 0.000000, 0.000000, 0.000000, topology, 100144483, 100354536, 718
Link, 0, 0-HOST1-HOST1, 0.000000, 0.000000, 0.000000, topology, 100126290, 100427449, 719
Link, 0, 0-HOST1-HOST1, 0.000000, 0.000000, 0.000000, topology, 100094952, 100355017, 720
Link, 0, 0-HOST1-HOST1, 0.000000, 0.000000, 0.000000, topology, 100036570, 100186365, 721
Link, 0, 0-HOST1-HOST1, 0.000000, 0.000000, 0.000000, topology, 100292843, 100326641, 722
Link, 0, 0-HOST1-HOST1, 0.000000, 0.000000, 0.000000, topology, 100324694, 100326641, 723
Link, 0, 0-HOST1-HOST1, 0.000000, 0.000000, 0.000000, topology, 100207885, 100355017, 724
Link, 0, 0-HOST1-HOST1, 0.000000, 0.000000, 0.000000, topology, 100284574, 100355017, 725
Link, 0, 0-HOST1-HOST1, 0.000000, 0.000000, 0.000000, topology, 100292843, 100317715, 726
Link, 0, 0-HOST1-HOST1, 0.000000, 0.000000, 0.000000, topology, 100178474, 100326641, 727
Link, 0, 0-HOST1-HOST1, 0.000000, 0.000000, 0.000000, topology, 100041334, 100238799, 728
Link, 0, 0-HOST1-HOST1, 0.000000, 0.000000, 0.000000, topology, 100041334, 100379397, 729
Link, 0, 0-HOST1-HOST1, 0.000000, 0.000000, 0.000000, topology, 100055671, 100416828, 730
Link, 0, 0-HOST1-HOST1, 0.000000, 0.000000, 0.000000, topology, 100152889, 100355017, 731
Link, 0, 0-HOST1-HOST1, 0.000000, 0.000000, 0.000000, topology, 100178474, 100317715, 732
Link, 0, 0-HOST1-HOST1, 0.000000, 0.000000, 0.000000, topology, 100354536, 100427449, 733
Link, 0, 0-HOST1-HOST1, 0.000000, 0.000000, 0.000000, topology, 100186365, 100324694, 734
Link, 0, 0-HOST1-HOST1, 0.000000, 0.000000, 0.000000, topology, 100186365, 100292843, 735
Link, 0, 0-HOST1-HOST1, 0.000000, 0.000000, 0.000000, topology, 100238799, 100315281, 736
Link, 0, 0-HOST1-HOST1, 0.000000, 0.000000, 0.000000, topology, 100126290, 100379397, 737
Link, 0, 0-HOST1-HOST1, 0.000000, 0.000000, 0.000000, topology, 100126290, 100238799, 738
Link, 0, 0-HOST1-HOST1, 0.000000, 0.000000, 0.000000, topology, 100416828, 100427449, 739
Link, 0, 0-HOST1-HOST1, 0.000000, 0.000000, 0.000000, topology, 100066658, 100094952, 740
Link, 0, 0-HOST1-HOST1, 0.000000, 0.000000, 0.000000, topology, 100273297, 100427449, 741
Link, 0, 0-HOST1-HOST1, 0.000000, 0.000000, 0.000000, topology, 100094952, 100152889, 742
Link, 0, 0-HOST1-HOST1, 0.000000, 0.000000, 0.000000, topology, 100185883, 100427449, 743
Link, 0, 0-HOST1-HOST1, 0.000000, 0.000000, 0.000000, topology, 100354536, 100379397, 744
Link, 0, 0-HOST1-HOST1, 0.000000, 0.000000, 0.000000, topology, 100347816, 100429957, 745
Link, 0, 0-HOST1-HOST1, 0.000000, 0.000000, 0.000000, topology, 100273297, 100379397, 746
Link, 0, 0-HOST1-HOST1, 0.000000, 0.000000, 0.000000, topology, 100200866, 100413314, 747
Link, 0, 0-HOST1-HOST1, 0.000000, 0.000000, 0.000000, topology, 100185883, 100379397, 748
Link, 0, 0-HOST1-HOST1, 0.000000, 0.000000, 0.000000, topology, 100185883, 100238799, 749
Link, 0, 0-HOST1-HOST1, 0.000000, 0.000000, 0.000000, topology, 100359203, 100404046, 750
Link, 0, 0-HOST1-HOST1, 0.000000, 0.000000, 0.000000, topology, 100180261, 100224447, 751
Link, 0, 0-HOST1-HOST1, 0.000000, 0.000000, 0.000000, topology, 100030591, 100224447, 752
Link, 0, 0-HOST1-HOST1, 0.000000, 0.000000, 0.000000, topology, 100280711, 100326641, 753
Link, 0, 0-HOST1-HOST1, 0.000000, 0.000000, 0.000000, topology, 100030591, 100144483, 754
Link, 0, 0-HOST1-HOST1, 0.000000, 0.000000, 0.000000, topology, 100238799, 100429957, 755
Link, 0, 0-HOST1-HOST1, 0.000000, 0.000000, 0.000000, topology, 100379397, 100429957, 756
Link, 0, 0-HOST1-HOST1, 0.000000, 0.000000, 0.000000, topology, 100280711, 100317715, 757
Link, 0, 0-HOST1-HOST1, 0.000000, 0.000000, 0.000000, topology, 100200866, 100359203, 758
Link, 0, 0-HOST1-HOST1, 0.000000, 0.000000, 0.000000, topology, 100117943, 100280711, 759
Link, 0, 0-HOST1-HOST1, 0.000000, 0.000000, 0.000000, topology, 100036570, 100224447, 760
Link, 0, 0-HOST1-HOST1, 0.000000, 0.000000, 0.000000, topology, 100041334, 100094952, 761
Link, 0, 0-HOST1-HOST1, 0.000000, 0.000000, 0.000000, topology, 100055671, 100315281, 762
Link, 0, 0-HOST1-HOST1, 0.000000, 0.000000, 0.000000, topology, 100036570, 100144483, 763
Link, 0, 0-HOST1-HOST1, 0.000000, 0.000000, 0.000000, topology, 100094952, 100180261, 764
Link, 0, 0-HOST1-HOST1, 0.000000, 0.000000, 0.000000, topology, 100090691, 100326641, 765
Link, 0, 0-HOST1-HOST1, 0.000000, 0.000000, 0.000000, topology, 100144483, 100422926, 766
Link, 0, 0-HOST1-HOST1, 0.000000, 0.000000, 0.000000, topology, 100090691, 100317715, 767
Link, 0, 0-HOST1-HOST1, 0.000000, 0.000000, 0.000000, topology, 100292843, 100355017, 768
Link, 0, 0-HOST1-HOST1, 0.000000, 0.000000, 0.000000, topology, 100315281, 100347816, 769
Link, 0, 0-HOST1-HOST1, 0.000000, 0.000000, 0.000000, topology, 100324694, 100355017, 770
Link, 0, 0-HOST1-HOST1, 0.000000, 0.000000, 0.000000, topology, 100152889, 100180261, 771
Link, 0, 0-HOST1-HOST1, 0.000000, 0.000000, 0.000000, topology, 100178474, 100355017, 772
Link, 0, 0-HOST1-HOST1, 0.000000, 0.000000, 0.000000, topology, 100331484, 100347816, 773
Link, 0, 0-HOST1-HOST1, 0.000000, 0.000000, 0.000000, topology, 100117943, 100324694, 774
Link, 0, 0-HOST1-HOST1, 0.000000, 0.000000, 0.000000, topology, 100117943, 100292843, 775
Link, 0, 0-HOST1-HOST1, 0.000000, 0.000000, 0.000000, topology, 100317715, 100416828, 776
Link, 0, 0-HOST1-HOST1, 0.000000, 0.000000, 0.000000, topology, 100066658, 100331484, 777
Link, 0, 0-HOST1-HOST1, 0.000000, 0.000000, 0.000000, topology, 100055671, 100066658, 778
Link, 0, 0-HOST1-HOST1, 0.000000, 0.000000, 0.000000, topology, 100090691, 100178474, 779
